N,T_share_s,T_protocol_s,T_total_s
100,0.000892,0.083781,0.084673
500,0.004772,0.294844,0.299616
1000,0.010159,0.548888,0.559047
2000,0.017921,1.242556,1.260476
5000,0.053683,3.475975,3.529658
